	<beans xmlns="http://www.springframework.org/schema/beans"
	xmlns:context="http://www.springframework.org/schema/context"
	xmlns:mvc="http://www.springframework.org/schema/mvc"
	xmlns:wf="http://www.springframework.org/schema/webflow-config"
	xmlns:xsi="http://www.w3.org/2001/XMLSchema-instance"
	xsi:schemaLocation="
    http://www.springframework.org/schema/beans
    http://www.springframework.org/schema/beans/spring-beans.xsd
    http://www.springframework.org/schema/context
    http://www.springframework.org/schema/context/spring-context.xsd    
    http://www.springframework.org/schema/mvc
    http://www.springframework.org/schema/mvc/spring-mvc.xsd    
    http://www.springframework.org/schema/webflow-config
    http://www.springframework.org/schema/webflow-config/spring-webflow-config.xsd ">

	<mvc:annotation-driven></mvc:annotation-driven>
	<context:component-scan base-package="com.niit"></context:component-scan>
	<bean id="internalResourceViewResolver"
		class="org.springframework.web.servlet.view.InternalResourceViewResolver">
		<property name="prefix" value="/WEB-INF/views/"></property>
		<property name="suffix" value=".jsp"></property>
	</bean>
	<bean id="multipartResolver"
		class="org.springframework.web.multipart.commons.CommonsMultipartResolver">
		<property name="maxUploadSize" value="100000000" />
	</bean>
	<mvc:resources location="resources/" mapping="/resources/**"></mvc:resources>
</beans>